Stress,SocialSupport,Wellbeing,Sex
-0.10859467516175532,-0.4514654308956727,1.1823017043631305,Male
0.16941897000251474,0.8674710618036192,0.8694589057975375,Male
0.7172561289690206,0.5217618312082681,-0.8536974482663606,Male
-0.6651795377285095,-0.3779352719555753,1.4177463577397313,Female
-0.8448975965159115,-1.4808645298941443,-0.4987442171423238,Male
-0.9570693159852871,-0.5787887693312044,-1.3575010549782245,Male
-0.8446209121838528,-0.4667096553068726,-2.4721070818472843,Male
-1.3425790792876897,-0.43426801689282213,-0.7194087199026913,Male
-2.291272202493562,-0.9865656287445039,-0.043967259373167866,Male
0.7149896189417879,-1.9231651887138521,-1.1771165104800485,Female
-1.2139209201441137,-0.8190196016235656,0.011509286546542014,Female
-0.42940249257499435,-0.8919753703136384,-1.1067237715596183,Male
0.368807231770811,-1.530989651798584,-1.3054452425622993,Female
0.19369700646650045,-0.42243339117212075,0.8142586412287598,Male
-0.2190930312365631,0.8902209540982384,-1.027134048639276,Female
0.22335762473769402,1.3280283164396627,1.0552608244470536,Female
0.012352391329020801,-0.9729098398133109,-1.3978626738530442,Female
-0.4493998619094495,1.0256743186012276,0.07217293806164421,Male
1.470221389333716,-0.5177429887221723,-2.333717816408178,Female
-0.9561169084967593,-2.091987810242058,-0.15856952217457917,Male
0.7339766813762226,0.718910255410937,0.25117682747005565,Male
0.18800439911731887,0.049065252315537045,-1.5902351802301546,Female
-0.1573794510585985,0.3457439758776899,2.0093906731476885,Male
1.1770523035342666,0.13287291227910192,0.17651811507318985,Female
-0.48319995219448525,1.7335990679191347,0.8906169319515328,Male
-1.404677384095725,-1.3521666046612422,-0.6946683382873329,Female
-0.2465758616373634,1.1571323417369714,0.7985081943629527,Female
2.07413362473822,-0.3055159365690594,-2.097625781289498,Female
-0.6644801947395601,-0.8607412406683885,-0.4758797678937673,Male
3.1925739162955327,-0.5844369275459464,-3.8265674067270385,Female
0.8505450783262971,0.6211465020949913,0.3243742955191906,Female
-0.7693189769407874,-0.5898659711000951,-0.34607617888957004,Male
0.5928886698457531,1.0250422517743716,1.2802942626546205,Male
-1.3340229537799582,0.11565492828113433,-0.8461333482575655,Male
0.08817365737744919,0.24567181012302308,-1.5152601963810879,Female
-1.2915319847737348,-1.4502188789794925,-1.2582520596986235,Male
0.07032141944157716,-0.7029991373038387,0.4851814108632419,Female
0.926639908592783,0.14416197340853154,0.431102023263149,Male
0.5398126630190573,1.8155222113194873,-0.029777404972757604,Male
0.5531425316810181,-1.6870825895276944,-1.2655940153854481,Female
0.5043288988043684,-0.13006716200652724,-2.061223139271228,Female
-0.3188940988818894,-1.3874153501210613,-0.36426462150092265,Female
-0.30385211341660784,-0.670013566329037,-1.5613606938383953,Female
-0.3802220841760491,-0.8529835519475382,0.8566035196188194,Male
0.053097250462371313,1.1975351721335947,0.8800789750771572,Male
1.0508814169641838,0.8013805872952107,2.883815259994572,Male
0.673577928563247,-0.6616229931381654,0.28703874029543547,Female
0.8100951605987645,0.02606164417421919,-0.4975451603363885,Female
-1.5088823828064908,-1.4965100225718566,-0.3847142391167824,Female
0.6341110140933833,0.6076891477497579,0.03573000677264932,Female
0.6775590591297926,0.9664765975210683,0.48175320702871116,Female
-0.6297750552377656,-0.3230982599387242,1.2402143892306956,Male
0.8078822037290649,1.8674329043373459,-0.08275714662219158,Male
-0.06662283858033587,-0.006490971004536661,-2.444003526436239,Male
1.8688013484213783,-0.1622987768979196,-1.30489389108692,Female
0.23741724354509658,-1.0227672951707985,-0.9309722653292669,Female
2.0555363116339826,-0.3841515248513576,-0.42500889687199805,Female
-0.9412640916075438,0.034001505130408116,-0.17082471504282887,Male
0.0748363400891428,-2.094562634644307,1.1604751808802383,Female
1.2175197646677394,-0.4668084433676105,1.1004321268109103,Male
1.0020094110217108,-1.244614352755688,-1.2886016810905645,Female
0.329734736105472,-0.45828706786884466,-0.37901101664888415,Female
-0.7764851762170565,-0.20223007251172698,2.0298509953366635,Male
0.48947836913685405,-1.7925489777109087,-2.290970925859893,Female
3.0988692682479426,0.36164329559863395,-1.7003863382327322,Female
-0.06465520911304157,-0.831281013417303,2.1025279117931768,Female
-0.3153396135762781,-0.9912254092694146,0.11697947414510318,Female
-1.8402221319517131,-2.728155925602012,-0.22251970406048904,Female
-1.454969740065467,-0.9211414430019935,-0.6826106303571717,Male
0.07884038510655021,-0.435888335787868,-0.3568678113507291,Female
-0.06397344153856571,0.7764919104951558,-0.3910655568836382,Female
-0.06842419189135451,-0.6384606876809014,1.433773835136609,Female
1.529832389378745,1.094540791545882,2.0071161257851657,Female
0.18366571189465725,0.6088130552434476,1.3123140133334574,Female
1.675955757464104,0.20690301086107654,-1.3245422290009023,Female
-0.11349045636654909,-0.7541396996421179,1.6805377050638912,Female
-1.0565949957801333,0.6142947970827151,-0.03382024120077404,Male
-2.082253495903783,-0.7009562232814803,0.3089863016819552,Male
-0.4653004945847153,0.325535757738582,0.3252553436014873,Female
-0.15771630322832428,0.7174781055268391,-0.2788708926500699,Male
0.5953063949103328,-0.1771368206535997,-0.7972317875157918,Male
-0.5043909722824567,-0.5565101913105697,1.190243472383255,Female
0.31647087509012195,0.036409404871648565,0.7580581072952371,Male
-0.10685848302953242,0.9265891967142568,-1.2628224857262436,Male
-0.33989610024357236,-1.0422800713491305,0.3147967631154454,Male
-1.192229298817371,0.5918778046301583,0.007301828795740206,Female
1.1911212645846638,0.4773066372546224,-1.2467878925993656,Female
-2.309665238889887,-0.02369234786273422,1.1497482366401335,Female
-1.3082093322116484,1.012074035630231,-0.990124292321098,Male
-0.9467469974689425,0.7694947898383586,-0.32197996051695055,Male
0.1668726592078714,0.1318232881045569,1.7328329094868753,Male
-1.1703895650408507,-0.3077977523900213,-0.4989584680699773,Male
0.25236544870263594,-0.9592717138181839,-1.5394603462148522,Female
1.1291589786033327,1.506831653470818,0.8946833032198342,Female
1.1727856385930988,0.7873584327068928,-0.6371804852426947,Male
0.5403451121683408,-0.40984828074420054,-0.29686485135755025,Female
0.8870084674567316,0.06236173199898687,-1.3299710949338934,Female
-0.8673234860488113,0.9043779119693744,2.1364207960643524,Female
-0.2998844870343717,-1.4078109030901504,0.48366863325648024,Female
0.3509359305141433,-0.7352313787855898,-0.1719228496385668,Female
0.8804794213057288,0.2944685441614374,0.2959194222429499,Female
0.7937567208734613,1.538566806152946,-1.4742724597436938,Female
0.805684715904271,0.7723092339428486,-1.8147790407939948,Female
0.840060987690052,0.015968709273992854,-0.31572016946621906,Female
-0.4294887132189273,0.2561721883866599,0.7850164104812676,Male
-0.27670024436807167,0.44019939146628184,0.4493551724884103,Female
1.8965261477749962,-0.2869788152817052,-0.3509628471895976,Male
0.40443920461505034,-0.2805583560235143,-0.22289988299560215,Female
0.6005874750183029,1.2341901683407484,2.0531336487587977,Male
-0.003782253697694434,-0.4120496666645397,0.23030745574580425,Male
0.5100158450626224,-0.9348645065132999,-2.0089341191044308,Female
-1.6678450568241445,0.12187628461678335,1.4804588033434296,Male
-1.2363890758487752,0.4811271924581426,0.2589174777957194,Female
0.2564289949316496,2.0041752457954245,1.2356025751801325,Male
1.4220008304764717,-0.361189307446117,0.26712362718150745,Female
0.25863529084562087,0.9312477204651688,-1.2909784085783085,Female
-1.4639479674505882,0.2620353656086878,-0.9541238398961951,Female
-0.26468370921449713,0.4929032038307102,2.30941906791148,Female
0.9706175798143852,-1.3985936268385224,-0.5916459822347532,Female
-0.7654312616937706,-1.1147362083553292,1.1461861388588348,Female
-0.9946821656813161,-0.36986905553160865,-1.38090869715062,Female
-0.6811877114856884,0.31159361910262673,-0.002189611682125142,Female
0.07966451287502352,1.2464548873956072,-1.2546231088515507,Male
1.0090741751470929,-1.0546748770326837,-0.24295272145608787,Female
0.4114284666612142,-0.3746597489271135,1.05143595908787,Male
1.7644825067989884,-0.9633780898169231,1.098572294108709,Female
-0.4747255428975194,0.41858956616841025,0.5879205074000312,Female
0.5756178680370332,0.348344241825552,-0.527453249903595,Female
0.480771787564652,1.0714001783003257,-0.7105049537632735,Female
-0.7528762028992139,-0.981874492631762,-1.1180166303573809,Male
0.6371834926885551,2.0380376512995126,-0.10373088340004566,Male
-0.4718454581688077,-0.0850009203563844,-1.0017938141220402,Female
0.19001624651562388,-1.0187795000243947,-0.43943013531513064,Male
-0.4669670802586989,-0.7915280268052285,1.5651651376386364,Female
-1.7993803189972233,1.2492497054620277,0.43225349071293984,Male
1.8465965811244676,-0.9645338213896848,-0.9405394021987613,Female
-1.7653928759634718,0.038992651958412505,0.09916503676858257,Male
0.10706316104209014,-0.05461648841007882,0.9451349541576165,Female
-1.0602802194521914,-0.6053226371420821,0.2897329561588313,Male
0.38609188402263045,-0.5686035043750173,-1.486768687882142,Female
-0.23276097136905705,2.0018530223505606,1.2348149115203086,Male
-0.310041077428923,-0.7872637675088896,-0.36160107350578014,Female
1.354612310150653,-0.04388493539545557,0.13774005658109884,Male
-0.6403026649683673,0.6073554809807393,0.594365948006365,Male
1.3415769007034295,-1.9516275397950609,-1.934953215705932,Female
-1.4777901013958703,-0.23186183467277477,-0.7149951875166409,Female
1.042160115650212,-1.1724300123927085,-1.6713036950391245,Male
-0.04091608814304934,1.7618444724152797,2.0314309593017095,Female
-0.16045446760647644,-0.32231777414654106,-1.8694312649611955,Male
0.8739736785602036,0.1245168844562965,-0.41670603643874876,Male
1.3015379140037708,-0.42306273102338565,-0.889031428667376,Male
-0.18920821991624118,0.17452291559077482,0.047587385780043616,Male
2.4379670370037076,-1.6039565183302953,-0.5207207163709315,Female
-1.5814553305019257,1.0281698118535352,0.7479173161858401,Male
0.46179069756975616,0.8545249407913436,-0.6908639883909172,Female
0.31847418818843165,-1.374513230754753,-2.0355972747575777,Female
-1.5710131772289,-0.9731793612771702,0.841738988061296,Male
1.4599968400738508,-1.2582613570779095,-1.7364365862441702,Female
-0.14284663975862108,0.21077342529883447,-1.1197277654340216,Male
0.03975497103789288,0.37646847066990663,-0.8568167320653244,Female
0.12705953561838848,0.5758404966501316,-0.9453771696252575,Male
2.2047335275137008,1.2847413534435295,1.2744820342718106,Male
1.205443210839929,2.216272917094875,0.6500153091964833,Female
-0.22111698067902216,-0.7428663939333804,-0.37316981682625805,Male
-1.070488554671351,0.1102671139177116,2.434317701386893,Male
0.3870266817481121,2.85651625381352,0.5059455794410834,Male
0.7401873334516778,0.9339445500899095,0.008635190097288276,Female
-1.3097806912561327,-1.2743060284232914,0.11953473779129678,Female
0.7867747568875382,0.28787863470944686,-0.143626285671708,Male
0.34319705813251167,0.2012768201166666,1.8242596963153292,Female
0.2584841122721073,-0.5875396254817296,0.00927994713421823,Male
-0.3555786701429646,1.1835718034614433,0.43980156495544376,Male
-0.3078812506715421,-0.44123386956023625,0.4351370333154936,Female
1.3453805765845916,-0.2556522302807607,-0.1309676896510571,Female
0.4047161952109704,0.9051863379969625,1.1723392456146473,Female
1.6752305480176215,-1.5499463434610024,-2.5826792060720747,Male
-0.5926995946163895,0.8934970604844268,1.789784941678624,Male
0.18182223419643223,0.16884634527221198,1.545473557389995,Female
-0.2305308364642582,-1.3125446287973739,-0.04490129585180341,Female
0.675841267963031,-0.7242966288407069,-0.7856887877126737,Female
-2.3223291247854454,-1.1014843650574357,-0.6843083741068072,Female
0.5401534047617733,0.7321095010599037,-0.40521016604107796,Female
2.3412960674340666,1.0839446889313664,-1.0149755951069737,Male
-0.3510973187670938,-0.9899528859179669,1.3101092249056852,Male
0.6555539872411749,1.1061043710279166,0.16280660459118146,Female
0.4484813264946605,0.5800170074028568,1.4155057808420275,Male
0.4508352987661186,-0.31605777251431055,0.4091499902384919,Female
-0.6500745123636609,-0.7168052823511739,1.2641117092060115,Male
-1.5907976468965315,-0.989376827476387,0.13064439154892424,Male
0.4543122118413467,-0.7025243336317144,-0.3197895564348302,Male
0.41161462852780906,0.1031128231840408,1.737657223093344,Female
-2.071834189261714,-0.3677350715918526,-0.34580706318980864,Female
0.14049397037698105,0.1565006379329601,-0.45691911318357503,Male
-1.3824528880073566,-0.7046950982942606,-0.05204512862147198,Male
-0.6133977163551738,0.9488559741797649,0.2162336639145075,Female
0.5040271914112188,-1.5955587154057538,0.32314798221971874,Male
1.2497207098108294,0.2597620834940737,0.3079646913673195,Male
0.21253579531497913,1.2351517198952693,1.9658061229968444,Male
-0.38842043959327494,0.26153413943639015,-0.399688568604122,Male
-0.10922689189015411,0.07676890762890975,0.445012969661844,Female
-0.8404043501014151,0.7385292204108969,-0.10627826749337022,Female
1.1395158105322756,-1.2519212963798263,-0.6069614708796482,Female
0.2562940597281009,0.49992694036303176,1.2930337796457052,Male
-0.31643657743100323,0.07938177470634855,0.37055778519888144,Male
-0.6184686440119755,0.2436109701464475,-0.5603298700467441,Female
-0.07880752191634244,-1.317194137633682,-0.39719818098157567,Male
-0.13196570141416095,0.25874547761030486,-0.12660705477593043,Male
0.17334729965447884,-0.8071386705690116,-1.5875899818396948,Female
2.759822827100804,-0.1693341778298696,-0.29231516277578146,Male
0.7964034211914056,0.06498379657625541,-0.9042381037190041,Male
0.9892970957862097,1.7318367587486683,0.11967559434161928,Male
0.9510553467922718,0.6678421118064302,-0.42608177990376334,Female
0.818419247326349,-0.8867916475894848,-1.6541728450107231,Female
0.613706237114315,-0.5308898208799284,2.1019504864085055,Male
0.9310655665472793,-0.22632230617293247,-2.4615761944378343,Female
0.5162554815680748,0.8546538181486496,-0.975291271424425,Male
-0.4280322273350324,2.320851824566097,2.278171948029092,Female
-1.1884479730868103,-0.8810933389756066,-1.0450136899334277,Male
-0.4334514746720945,0.18640175717780982,-0.36612840593347273,Female
-1.2226133684396001,1.2154950426586217,1.171312347249373,Female
-0.6504230972619853,0.7207619104443093,1.3796783693316854,Female
0.6394164966917374,-0.14286748898896873,0.23060218202870097,Female
-1.1921578015254888,0.6861817214932895,-0.6038973579193537,Male
-0.16919165333376762,-0.5833223557720639,2.561302439187306,Female
-0.7268422614027086,0.052818226433361204,1.3235032253990713,Female
-1.0709307933490004,0.5765284426460271,-0.40494784525705985,Male
-0.540529663882061,0.5654646413100459,0.4089070741360589,Male
-1.3109718821805583,0.23470703066927578,0.7749697223251206,Male
1.1319833358982858,0.9580811666278728,-0.9812364229490642,Male
-0.9487797539642902,-0.052042192482107286,0.22360926531754252,Female
-1.415233247704727,-0.30917231283859836,1.1503169134004392,Male
0.558820112255321,0.9187322238736697,1.0176915761996015,Male
0.504692426697107,1.1938623034178115,0.24046515043686006,Male
0.4874495370801397,1.8793115917997123,0.5721696729622705,Female
0.4022688467149596,-0.49924110513959885,-0.22783493509063824,Female
0.43874809719673874,0.777595001872815,1.062694617580631,Male
-0.11630781037336746,-0.33222622584652006,0.0027628701283399226,Male
-1.212181780223764,1.103295746003107,0.7408772041118594,Male
0.8116947890302164,0.7303471929027019,-0.7709008032431567,Male
1.2187637454581306,-0.181152069680782,1.7169053589533037,Male
-0.34635760681694555,-0.44634270472475857,-2.388063536090528,Female
-0.6674124686533448,-2.803417452425755,1.3343862238956272,Male
-0.7155312657960738,-0.18134370998077998,-1.0180473502775198,Male
-0.22928985581121944,-0.28064118205333344,-0.34395206442825127,Male
-0.7584333760897545,1.1795247201166332,1.744716290716155,Male
-0.9467154720523974,-0.7154629708785623,2.9316231232487278,Female
0.3044965121740084,0.5926958362613552,0.9061086395793972,Male
-0.5778350660800442,0.6759506078852224,-0.7731848224989352,Female
0.5033461016510282,1.0270526770145074,1.318145780148744,Male
-0.20213942518820466,-0.2600407946140346,-0.04662525516461279,Female
-0.27712672852646597,-0.7827082486572388,-0.05620108140081448,Female
9.025050159738868e-4,-0.1104640641841299,0.2529638997554473,Male
-0.9118504829717443,0.20378419218707355,1.7201985984601456,Male
-1.385402405198656,-0.04746442545188323,0.23365653983260326,Female
0.21469251000448372,0.34385601333166305,-0.627212167062323,Male
0.41409794187550386,1.0985877564746622,0.7992422154915287,Female
1.5957131739722055,-0.6830487437903225,-0.64565016228221,Female
0.9975072832028007,-0.020612932128395656,-0.839433350101769,Female
-2.399270039636063,-1.9152712833726857,0.41901857576746204,Male
-0.9814538853921144,-1.9297097299876556,-2.2485736100451956,Female
-0.3082944431187558,0.15249628200380805,0.10116266211551779,Female
0.23962992652445614,0.1941975517901553,-0.4743893020211916,Male
-0.06002188292451577,0.6350456503388298,0.41168381615042154,Female
-0.7491839687328274,0.27947202790262216,-0.07138127010215312,Female
-0.38678889382877085,0.13005001002272776,0.4867492947100319,Male
0.7770071700222557,-0.3890244859354821,-1.2178039626206838,Male
0.6032379657869426,1.6952565993662705,1.409204212933907,Male
-0.0561942268961045,-0.32709496909701663,-0.29313706802611184,Male
0.438828520747114,-1.07595303448639,-0.6885199236788511,Female
0.14709889843231436,0.6769028695603083,-1.2613877895143393,Male
-0.9293505631159502,-0.4789207591614264,-1.5181774547411,Female
0.3773559778303806,-0.23577572217483533,1.512651164214783,Female
-0.6212906395434412,-0.8203347050710279,-0.7838086856610966,Female
1.4272120489118858,1.909627498354657,1.560999348734984,Male
2.4146363865100704,-0.09922504932588083,-0.59044352990586,Female
1.1273785978220268,-2.0379916413624803,-0.873633524930273,Male
1.417366990604556,-0.6201872199899963,-0.8626455429047842,Female
-0.9775686819232696,-0.1560398493716355,0.06703624590321515,Female
-1.8851067492924913,-1.373458831532981,0.6195042110386613,Male
-0.5647904116235303,-1.0489575054787017,0.058980169828281526,Male
0.8867899878543564,-0.6781707540273934,0.29387169851611944,Female
0.38912819413666533,-3.3100879120040685,-1.7091405324418933,Male
0.5656602108499668,-0.37940357867911656,-0.813791467861781,Male
-0.04418834244478423,1.1367531511939917,0.23091263792301525,Female
-0.949638125019226,-1.3680077169904978,-1.1185887774977796,Male
-1.8750818574374282,-0.5151981076656018,-1.3935949951165416,Male
-0.08429609914892672,-1.3786338194334338,-1.170296062270717,Female
-0.0506443541372826,0.11350289776358036,-1.1647170422079796,Male
-1.2070530448280752,1.8823259020926923,1.973304462652858,Female
1.6553461123130475,-0.3855757292869759,0.29511193244567346,Female
1.6215261741553202,1.473198876010723,0.9213684662701889,Female
0.7497161281173247,-0.7235672939655657,-0.9108632111385981,Male
-1.114957982614402,-0.21977437903662755,-0.7134589758366309,Male
1.0009095630420553,-0.1323216091562638,-0.4254436254660605,Female
-0.958308433021724,-0.21128223779500965,0.7795194615020833,Female
2.554135840636014,-0.6750873719373183,-1.6367667178198868,Female
0.49013941038731046,-0.7703540125933119,-0.3483364966490362,Female
1.1770310359103036,0.9584028835369973,0.016986196485884203,Male
0.7937092372673298,1.2468196964105376,0.8624556187119603,Female
-0.36669691188484294,-0.20634130810110518,-0.2895329501030921,Female
1.3515966140118802,-0.48537318786874906,0.12490860412293525,Female
1.9049121782262841,2.080885944979563,-0.04561342446339367,Male
0.1586841025258733,-0.1906640011376819,0.391447006578684,Female
-1.0096528727250953,-1.4828163141875519,2.2124667418744677,Female
1.8278214327253397,2.7054573305281866,1.0412981603072344,Female
0.1168663622611555,1.250847322536933,1.0581169914833333,Male
-0.6640114586811525,-0.6250088859679406,-0.1936357671472385,Female
-0.3254559305301575,-0.4785027639811701,0.5827000192541245,Female
-0.7352853878502359,-0.6765858352458958,0.7048944373476049,Female
-0.5755758266361628,0.4310972490113998,1.1658074551800262,Male
-0.8719566332492796,-1.7203175643359143,-0.29322981461262004,Male
1.2435629677006712,-0.09762076562961175,-1.3508037931673174,Female
1.0981337447456012,0.29568938747753126,1.0031637678967795,Female
1.0411674818274324,-0.4767125626079045,-1.446939678855391,Female
0.419975551330871,-0.2653682176148351,-0.8095212952672507,Male
0.7744007286340681,1.3154000591376627,-0.20810734225278577,Male
0.5412934313592721,-1.1886947695695316,0.6832659243812799,Female
-0.3027323727622447,-0.6631185099607468,-0.9220870472468481,Female
0.006677412342911776,-0.7861441534935345,-1.266456899748446,Female
-2.0466756569240725,-0.4374056791615586,0.2534321965835081,Male
-1.7409192024286042,-0.8721000629702069,-2.520009648471248,Male
0.7052835776565344,-0.37635468554492046,-0.16693311863612675,Male
-0.3667906703310286,-0.22240235990321944,0.9292210593449961,Male
-0.26088278860865843,-0.49333857294857086,-0.1948598045030496,Female
0.27607777750358364,-0.48104296266513913,-0.10333000253234828,Female
0.5746774618352445,-0.5785993091939696,-0.9539143230649032,Male
-1.9444039267308855,-0.32921447707503626,0.9018141453783503,Male
1.5417730048718734,-0.04669067353698564,-1.6013031559137638,Male
1.3480789779773328,-0.48249716421975974,-1.086585400476968,Male
0.3179900931021713,-0.425235073716034,0.7861929099528592,Male
-0.9401301409322713,0.5411734536362469,1.6087445020980153,Female
-0.28224630587464644,0.10547863851499661,0.14521956786131884,Female
1.3249129430033235,0.2026131037023604,2.1287312240261542,Female
-0.6454002883371417,0.13376372131476444,1.1820083998897921,Female
0.24456796364035163,-0.8792718328697009,0.6255369500434947,Female
-0.47732088103762216,-1.3317552802866606,-0.5038390690906009,Male
-0.021617680458714855,-1.0205448543200826,-0.7892966909163055,Male
0.38113793113739264,-0.6570736103971484,-0.8660525187677723,Female
1.1628464702837504,0.16948929189032436,0.058907908848206486,Female
0.6777641728641638,-0.47486423144743206,-0.48487681917415737,Female
1.2522552968387703,-0.8853297739205783,-1.4745873884360332,Female
-1.264097313929998,-0.9914114410276533,0.44135117011052066,Male
0.3720387226265731,0.9104780220113997,1.3079291961328492,Female
1.57106228967867,-0.23976498177764238,-0.684368300325737,Female
0.47984556480581153,-0.008336831436837056,-1.02279381044875,Female
-0.8712056804207076,0.9564804004729419,0.031865078355121534,Female
-0.5463023259156922,-0.6216255076698083,0.9489676352528287,Male
0.17778188507663742,0.5443260769139058,-0.3314797482339976,Female
0.5740824134909281,-0.4375217875283508,1.0627211695510625,Female
0.7590065063561435,-0.8393259043725516,0.3209814546760074,Female
-0.38685920035509597,-1.2552132724709781,-0.4528563627185256,Female
0.37448683247965964,-0.14863243553377536,-1.0012525516105835,Female
2.744964369517453,0.3627940632321298,-0.09705241660599076,Female
0.35456767184994337,0.33374395592845874,1.2222962731372666,Male
0.47618194630487487,0.5384204264816899,-0.4883817301077612,Male
0.8497087635028855,0.1335073707787684,-0.9250856452794772,Male
-0.02712742069935445,-0.7576455600853751,-0.4093482062510345,Female
0.1839043339430512,-0.7157047604097202,-1.1044931163790632,Female
0.7211279642279766,-1.0033457284601577,-1.1462594020182388,Male
-0.6074674110670464,0.6151265532689654,0.44072389902432807,Female
-2.1447155893144414,-2.1543699176355613,1.0077941938735049,Male
1.144842367839195,0.5918118729863879,-1.3847283512131667,Male
0.3544083140214803,1.6949763783324836,0.6110405881561347,Female
-0.7338821212852661,-0.8380529234171115,0.9592299510575576,Male
-0.8237318456951068,1.1786271283166165,1.1192445560420405,Female
-0.6620537398114456,-0.5411804814292265,-0.36288134874542055,Male
0.47582776309234154,-1.4269553656137044,-0.9437376013576733,Female
-0.06353568908175511,-1.1298379498952378,-2.3735518996767655,Male
1.5873558287217158,0.36670380854254025,-0.41428090231751236,Female
-0.03787691966377146,0.06953393403589958,0.17193965152280577,Female
0.6074502521970331,-0.30009094560827254,-1.1344058126906398,Male
1.0015307429938083,-0.9757977357900298,-1.0686904122898113,Female
-0.7696038485451118,0.058950066521511246,1.7553466879974762,Female
1.2860729198739957,-0.20758611403589278,-1.4255837166221303,Male
-0.8635608931760584,1.562241192368567,2.2985190410431593,Male
0.7328158021051744,1.15145300005996,2.2586737765596956,Male
-0.9734986439862479,-1.0258222421053165,0.7304069068652581,Female
0.06986253647119287,-0.8477384472629437,-1.7576729513307854,Female
0.8712986769139945,1.074637497605496,-1.6799618477695568,Male
-0.0882327425933126,0.5186245279970927,1.6701950097825493,Female
1.361368167652331,-0.5554658894554887,1.11888370002913,Male
0.2670390042057201,0.6142170713790978,2.1191644024214926,Male
3.203707757350585,-0.22080242252074367,0.5031976495958832,Female
2.0091268114754683,0.7510454897752017,-1.7304889028798547,Female
0.047666156313241594,-1.096464119965104,-1.3030025333685915,Male
0.5328049489056705,-1.558941202577929,-0.3362039020337164,Female
1.5260381163097148,1.9273557159457142,2.3120628316949086,Male
-0.6920921341586759,1.752877867798683,0.36821399558938395,Male
0.14879064987561536,0.9722339914393783,1.0755656315281108,Female
0.06168554838736107,-1.51443483529241,-0.654140283516701,Male
0.4270418653141886,-0.05816308703888762,0.1718800274698873,Male
0.42453024098078584,0.8272850974776018,0.5301477849824084,Female
1.4496083897673238,-0.5989000291615605,1.8203156212505975,Female
1.1311631609812878,0.05121423557516236,0.21837399962072299,Male
0.19952422945458417,0.5498070919829359,0.7667035422958632,Male
-0.8686304688261146,0.7788586083544407,0.37244922966036065,Female
-0.7242624529634755,-1.1506241243968054,0.0662105379879973,Male
1.123372639072347,-1.093611096684467,0.15599395050861076,Female
-0.18124849944513657,0.5697919081024385,0.30272586123967454,Male
0.418966236594553,-0.9849725979539365,-1.496231628564189,Male
0.5217190496108338,-2.6756220966001636,-1.4832179736331716,Female
0.35140154881612373,2.3643797893486744,1.8600871997393997,Female
-1.2795059676931753,-0.5805748868931007,0.13665810532056247,Female
0.2691327183328885,2.424336579511588,-0.4417818516939531,Male
-0.5391727048848074,-0.3708039584574232,-0.6450563081465813,Female
0.583624888691352,-0.22100442659206498,0.13955687387754098,Male
0.3415144802685924,2.4412723369839617,-1.788078392659167,Male
-0.36630311211230887,-0.003429332118459971,-0.17638588612213774,Female
2.301083845822552,-0.593886732259713,-0.6382313922680898,Female
-0.16766561527279977,0.536618946789297,-0.20101140795799968,Female
0.6369518265096228,1.270460717741153,-0.5823336327294628,Female
-0.6485713592264363,-1.4847655093352414,0.6504989361084992,Male
1.0801358663397693,-0.9664495804893631,0.2154776596728475,Male
0.21029021337142312,1.2490100282215026,1.087346418183565,Female
0.26374536845236457,-0.4410188853867334,-0.1453766652495971,Female
-2.1141365868152127,0.2628189132535721,-0.16478247662144457,Female
-0.17422929649599794,0.8277549612135346,0.4635336387048138,Male
-0.9425727863756178,-1.009895032412105,-0.6297856280972622,Male
1.0405714072153522,-0.9335992693854653,-1.7449015587981118,Male
-1.45914498672187,-0.22993371552063602,0.750288496374889,Female
0.5626293442902663,-0.07044108201015087,1.2724571187988054,Female
-0.5690799818083652,-1.7357658776044635,-1.1584487474185607,Female
0.8484923711819625,-0.15665969207026764,0.06177401986551459,Female
-0.5562447174100905,0.9370005605656222,1.2933121819913727,Male
-0.06108027930189752,-0.058978761785054346,-1.948630813351642,Female
2.0013582147116176,0.8718840863503909,-1.1524556222772786,Male
1.190862166054234,0.9508456870805659,-0.5252270976579376,Female
-1.3802513447198206,2.020063987235162,2.244461159928866,Female
1.1958227495703706,0.07815075176838171,0.8717465425303179,Male
0.08401784981085747,-1.5133681757066686,-0.528944633862648,Male
-0.4528899296283216,0.9357422229402323,-1.194943492352058,Female
0.4921536129403267,0.1901457207258126,-0.6995352168773682,Male
-0.2019308990176154,0.22249517613308933,2.133397242613392,Female
0.41398470915756463,0.0874445858832904,0.155746163807693,Female
0.023089998662889383,-0.2509092820910461,0.3617108318913531,Female
1.7454903827815602,0.8234067450432971,-0.39523973575962107,Male
-0.010232380997611182,-2.782285026901038,0.7128510918228417,Male
0.9536452161218533,2.4075522164498504,1.822501357551054,Male
-0.42886003187850125,0.869167945650676,1.2780448356972118,Male
-0.9117589709225159,0.36354045988234684,0.1932150070409505,Male
1.1108960317576368,0.414010422764739,-0.43649896653969683,Male
-0.5172550262162297,0.3406935496015282,0.9468461699790174,Male
-1.5537865791551093,0.9027054651052251,1.1349928163918523,Female
-1.334358449051616,-2.0523945411995608,0.06639673171604737,Male
0.4016976066230343,-0.5414428025456228,0.03755239695303375,Male
-1.331106893429587,-2.9538870768065175,0.9035309075230828,Male
0.1745145273892965,0.3642604746317937,1.867782988242705,Female
1.1370348800159522,1.3586877541055409,-0.9619173478104622,Male
0.09127204109615228,-0.30409456331624485,-0.23631600330990016,Male
0.7795192467765495,0.0062367982203705985,-2.616390170154725,Female
-1.9451861289036216,0.567406647059697,-1.458495043299981,Male
-0.0668536263361621,1.5050434360699514,0.5788615267032995,Female
0.9991496311226391,0.5810230087874646,-0.580685951854734,Female
0.5101749031282015,0.676184726713668,0.697088242915886,Female
-1.0225619928030256,0.597854528483321,1.5081428777987411,Female
-1.371960361405954,1.3423028631472174,0.46246177888027445,Female
0.28120207014585646,-0.5383723253164581,-0.2949405407518906,Female
0.6493413865246189,0.4369485478527184,0.6599895739356251,Female
-0.5040888637491866,-1.5424258563128248,1.0045178993670447,Male
0.48437033704173044,-0.6410120521155696,-0.9950755186039475,Male
0.3743636025672088,-0.6540961710385438,0.5609820540328376,Female
-1.4913733930459632,0.39673700268048595,-0.49914946369745855,Male
-0.6157213841313846,0.4687230075027533,1.0803286869368565,Male
0.35074555828249104,-0.7236931015981907,0.88389445538675,Female
0.7079268116171351,-0.32519858715099437,-1.0283381978881114,Female
0.6007058775186352,-0.8887857995112722,1.369831036543905,Female
-0.7943413259404254,0.5304001784264321,0.29247325832862786,Male
-0.11746957729184959,1.4000261670465286,-0.9514813738339818,Female
-0.1871815935056529,-0.05320243950751591,0.25986780761665573,Female
-0.8587649680986486,0.5027419357264189,0.26866555262851316,Male
-1.2341370420517446,1.4026593012623256,1.2417731444038496,Male
-0.9861764159687803,-0.7116009371183236,0.8611717386121502,Female
0.9439665751622803,0.07383567352677423,-0.17753256984104304,Female
-0.4954432519171969,0.8122675451326455,1.0441029451876327,Male
-0.5215226762260634,0.11487693980285485,0.16514592147305557,Female
0.23586205155544065,3.579502416281802,1.4252855575144092,Female
0.3463618131891562,-2.3726873044880077,-1.0196366399344177,Male
-1.0587504855119576,0.16973367164075537,-0.4191885367859386,Male
-0.9613268861762053,-0.8435618359879324,-1.37949728617927,Male
1.71395909886561,0.8836732088238599,1.0646280467784526,Female
-1.7523889008840228,-0.2915259855557104,1.223384547038685,Female
-2.013815740939352,1.031444529988843,1.4724942381435246,Female
1.7257584534532426,0.6959148501788266,-1.2065478475695386,Female
-0.5016901486347205,-1.0506351685385935,1.270912325710046,Male
1.5535337273240266,0.0692465452473443,-1.9325636086885412,Male
-0.8226956408937576,-1.5223213049538713,0.1589381491817646,Female
-0.1432210208933662,0.3536545579963777,1.5370755885512708,Female
-1.1806726862825727,-0.03349805172905418,0.5313271218242306,Male
0.9773754564260293,0.10746447726250574,-0.5441176997381176,Female
0.10728722139310776,0.3393129008633946,0.31302543952256556,Male
0.21763679720338908,-0.4570742965922734,-0.33011111525678677,Female
-0.7045231086963616,0.22682508600097107,0.09130340882690743,Male
-0.27401750804584957,-1.6497912161597326,-0.017788079889386632,Male
-0.502026769800686,1.6074383987406082,1.3598281130879322,Female
0.787870935664777,0.901367729506235,-0.39220651225006853,Male
-0.5205030211264063,0.5323526065055804,1.3024324394335354,Female
1.4543270817912837,-0.17347703252572222,-0.5472079629942794,Female
1.1075623371719578,0.4280267301420664,-1.0157635372044844,Female
-0.04341861698151964,0.7950591317261204,1.184983135938108,Female
-0.19091349184686485,1.0731034351580888,-1.17580272113979,Female
1.0153114327722572,-1.3934551441571452,-1.3578322607036144,Female
0.4105043489255215,0.061806064404075656,-2.366049499831737,Male
0.7616534845890608,-0.9390352414718492,-0.8958569458370897,Female
-0.7369256358051055,0.008625421249194964,1.5755838419028976,Female
1.0775838240275692,0.516453195846903,0.2102104522960301,Female
-0.08368415764461486,-0.003738963447678767,-0.3193153796033912,Male
-2.215240150073831,0.15219380041969544,-1.422097122446233,Male
0.10414576955039295,-1.9240103797199801,0.09484413302208217,Female
-2.3992641661243934,0.25263125262064445,1.9960915549385965,Female
0.8507554093106163,-1.684900115282658,-1.1097286252827505,Male
1.61743191894614,1.834480343681617,1.7682574949187206,Female
-0.27582659894806244,0.3302948307596987,-1.1045753532325173,Male
0.37571098417913334,0.04993352763619763,0.37084141166351725,Female
0.49860317610622645,0.26974838922966615,-0.5812967434106352,Female
-0.5605762498494937,0.01193971737187205,-1.0509928616747886,Female
0.9981036746897077,0.7341366041720403,-2.232389213488706,Male
-2.047006057028424,-1.2594425698252603,0.08641290153940631,Male
1.7657403134543244,0.3739647236513206,0.980264061782267,Female
0.7738661283701802,0.36339680261743323,-0.6389524271042575,Male
-1.2774080115658606,0.9019544244986535,0.06380110751184448,Female
-1.2706251544167881,0.47893215050272664,-0.3625344440028937,Female
0.5008715465500582,0.14880342976320993,-0.4936079224829114,Female
1.1316789967118914,0.9595379785092191,-0.27936834025288015,Female
1.2492591563137676,0.16439755674612622,0.5624713339546689,Female
0.3374938981770548,1.1937009731900523,-0.11790624384438708,Male
-0.3705312464493022,-0.8447386423656464,0.927646149812462,Male
0.4145226652886607,-0.45406369353607934,1.830456177997217,Male
-1.1753093730339528,-0.6354470858923984,-0.37910279158955806,Male
0.05166739123427414,-0.3284977760788341,-0.10321981642074879,Male
0.4887716136977699,1.0856724499148789,-0.9776799891839598,Female
-0.8512814688574609,-0.1613957470700922,-1.1058877542284926,Male
-0.7663905917569476,-0.2926733057684445,0.39074249164822294,Female
-0.40694859962517355,0.5758604756170524,1.3770910965740646,Female
-0.07100225972018775,-0.13966812234387316,-0.2059941012947017,Female
-0.763081114599775,-0.8141754374721699,-1.016604922170177,Male
-0.27839730116019484,-1.1397711076667818,-0.43037701967526903,Male
-0.9511240522964175,1.6677897519637805,1.303351704507581,Female
0.07592222685056776,-0.3786170942406666,0.41443298220893604,Female
0.5671948419585872,-0.19148380477664784,-1.146589892937261,Female
0.13192652627800605,-0.40084611545080584,0.3854477478663825,Male
-1.3351985293313753,0.35902013924377085,1.5276084974563253,Female
0.10338014260637442,-1.3699003862770351,-1.358764290432363,Female
-0.37691175222935414,-0.3840708945140867,-0.5667885416182451,Male
1.277889421170686,1.7428215660515085,2.0308019889733475,Female
0.9070411471086478,-2.1716146794790583,-1.0965840875017554,Male
-0.5440489566209893,-2.6541123661552617,-2.28413657966461,Male
-1.1431550496834841,-1.6152587383637735,-1.6938330806681658,Female
-0.02873639570536331,0.7196585382249565,-0.08148048891661847,Male
-0.11564307211786573,-1.4935405766816958,-0.1803914766575388,Female
1.016759763336058,-1.993495889769129,0.2510863010942641,Female
1.286537646865553,-1.4508341062605294,-1.1556078264395921,Female
-2.1647753774183647,2.468373838238086,1.1581250891286534,Male
-0.4287209972401804,-0.7652389423452197,-0.44479566433436,Male
1.3873785116909332,1.072393624222081,0.8819841028716591,Female
0.9139932422165269,-0.05711034885514499,0.7304221948165164,Female
-2.0276667349060964,-1.3213257498776458,0.5173263659084107,Female
-1.2314860493809312,-0.1465120875869359,0.7397871916432888,Female
-0.03136089666646241,-0.10217837572550525,0.29732517172612033,Female
-0.933630087193673,0.25685929889360715,0.9484169507451528,Male
1.6172531335922429,1.4596049479016182,-0.14180852192234467,Male
-0.0027850966474697036,0.5232434587124537,1.4431979658622938,Female
1.007134327251066,1.3709712496342945,-0.18760277691597044,Male
-0.5165664528155229,-0.3777717572819683,-0.2721944959246599,Male
0.6552655596909722,-0.6265316278810238,-0.4731360289399408,Female
1.7911148305077915,1.6736187631327923,1.6171068609587953,Female
0.8389008487994373,0.5647510937088289,1.2818161553608214,Male
0.12523794313319017,-0.31418827556455353,0.4794387905908583,Male
-0.6962137056107423,-0.5699109342981419,-2.1877804057468966,Female
1.4163418503090324,-0.7311304466301585,-2.9157682280507413,Male
-0.823593439808801,0.6423665008202915,-1.1319198135925232,Female
0.9944577202673346,-0.06603882489848312,0.8138801240311195,Female
0.7535703341940554,0.604299382147881,-1.1900161802307063,Male
-0.4414705310503333,-0.294100772757695,-0.8849070401918594,Male
0.9179918388150514,-0.38890028128647947,-1.0683365187772247,Female
0.5039817138623969,-0.07696426032955639,0.2338980626615244,Male
-2.1833547548089167,0.28388249378132,0.4625367660734464,Male
-0.4474727870694532,-0.5142963142797174,-0.37771259531340273,Male
0.025534853886985214,1.1010119363757003,0.2444290922808146,Male
0.13427612744358275,-0.8826409139559899,-0.9382874662376852,Female
0.12476380199346943,-0.47887377020577127,-0.8823083539395219,Female
-0.13991332500155984,-0.9506547692827942,-1.769780826750783,Male
1.540223597928847,-1.274749593685691,-0.7374512116191537,Male
-0.23767262300179626,-1.5880437348800527,0.6496719452467894,Female
-0.4870017371508771,-0.6703356842113264,-1.091554193037379,Female
0.8457476269811883,-1.4031283272385342,-0.30177383282735554,Female
0.7756055289750593,0.3196424955624386,0.25533264745852696,Male
-1.0853425773068348,-2.1910457038351936,0.5919279236450113,Male
0.23092456179822207,-0.6332604987697132,-1.6996725548750948,Male
-0.07238256843814606,0.6814411079102523,-1.0761245716675165,Female
-0.7569744334172643,-0.4495501354074092,-0.3581488205552929,Male
0.9368150446533949,1.8694635127219823,1.112512595913228,Male
0.10637852527666852,-2.6669542742279457,-0.9648945726323704,Female
-0.4556513165439557,-0.03802749696978713,-1.231718552152157,Male
1.01622100883041,-1.6404105937977693,-0.9216702100944272,Male
-0.14310073463621176,0.3371905952670886,0.11320078816516616,Female
1.4964082163148347,0.41345877136429854,0.2789419652681418,Female
0.2516803986167063,-1.267819581645158,0.9151662017660542,Female
-1.2674234575450678,2.6371042526136095,0.2871257347948998,Male
-2.0893490974513025,1.0771575829687623,0.1886177659280781,Female
-1.0195140079066738,0.46560209693158194,0.3062741053679056,Female
-0.04275525780132128,0.37536500998378974,2.4914828649741527,Male
-1.3197407984924514,-0.5751764927859302,0.6407932776302631,Female
-0.5344732494423781,1.3200809795894615,0.7666538807349019,Male
1.6888695895635037,-0.17058112667376557,-0.6959039702273625,Female
0.2871376220076402,0.6101971790267018,-0.3046975017637113,Male
1.6364394163503917,-0.19419435753635517,-1.1656916693404287,Male
-0.47824707738212763,1.9408882743826044,1.2173712637014251,Male
-1.2645409040614826,0.11038930888529697,1.2251916547130788,Male
0.1696327116617134,-0.5418899334230654,-0.18712998400451697,Female
1.1226176001657762,0.12913575108543052,-0.010713503354269155,Female
-0.17406384307789877,-0.6894271843813962,1.4254189376610278,Male
-1.2774842598128664,0.17965475898005234,-0.22092543894853534,Male
-0.7291826874421041,-0.6012775738468856,0.12426885191730941,Female
-0.27754504196096974,-0.5424497382882876,0.36062370960379214,Male
0.2674933508472665,1.4249258950122607,0.8404264810999036,Male
-0.7773491170501577,-0.49211631804049016,1.5896571082671982,Male
0.6413157728235427,1.8215910702818214,-0.41427514841919744,Female
0.6050820909113218,0.557058371963961,-0.4563945660949253,Male
-0.7103913229332941,0.20508734958738328,0.0075178160863523524,Female
0.3960323544077369,0.625149685942012,-0.9859898722033739,Male
1.8315959735931084,-1.6412644001429648,-2.331288827747316,Male
-0.13065332011390918,0.5081339329990748,0.24832447589281698,Female
0.47434747786024545,-0.21662526880730448,0.8508681729622188,Male
-1.0467772300141829,0.44499070112230266,-0.08938377482189214,Female
0.8428024753142539,0.8529271499711428,-0.25153243405949127,Male
-0.22975566457541052,-1.4615028337307676,1.0916058500135946,Female
0.42927043091784495,-0.8864470368730966,-2.5759417877087665,Male
1.9364160438834062,1.2595735445396854,-1.8606671533472119,Female
1.5974374844654942,0.5439503458312487,0.6941978222721821,Female
1.6587978673594577,1.7968721065836442,0.08699425382159254,Male
0.5456659749559076,0.6673717224702713,-0.4520953237496044,Male
-1.5016116899153655,-0.24575908469029883,0.7625534206741429,Male
-0.6706506413034776,-1.0121009739714837,-3.6542338468560933,Female
0.11242363158791603,-0.09545525946689626,-2.2122144255003375,Female
-0.3900989033663393,-0.1620230035847361,0.3575632817264576,Female
1.3793630620638897,1.2662906389122006,-1.1590495297378511,Female
-0.9031063492577752,0.681971194917339,0.8698104966833429,Male
0.8183516804035587,0.25378133731146946,1.1930925662816205,Female
1.6103540064848456,-1.6671227156048123,-1.4709492457080198,Female
0.585278813640839,0.8593714085692441,2.108913554377027,Female
-0.6361373684720372,0.5111791375601791,-0.47429039277560325,Male
1.4287575935282824,1.6024726869624035,-0.5241776741898949,Female
-1.7222036634581224,-1.107938609677801,0.4622700857087476,Male
-1.0803173086900297,-0.5145623457867732,1.7147938179001134,Male
0.47735707625727447,-0.08616092513360796,-0.08400914987654415,Male
-0.21313361625388735,-0.26342048308102983,-1.029310084671304,Male
1.2369799880674743,1.7917001830316868,1.220556807582793,Female
0.8291057140995266,-0.8955235557477432,0.2894823542956232,Female
0.44161621227581804,-0.03723616479256098,-0.6746984808127937,Male
0.24530693133091883,1.290599955066913,0.7357113082212439,Female
0.05246865877507112,-0.9748160868213225,0.09762050391586424,Male
-0.04317538341408825,-0.4899388319092075,0.5287061076148697,Female
-0.25635230577518664,-2.186204291196678,0.04420718022809367,Female
0.2073800495417751,0.9750912223336212,1.7012558948457794,Male
0.1564659023559507,-0.1239423647971738,1.086967080359383,Male
0.787293620779284,0.5714263688823134,0.10785386370528655,Male
0.7074062045883132,-0.2962069938337182,0.814259791866246,Male
-0.8886359284228003,-0.3233224224338347,0.3449494553057795,Female
0.2273936998972926,1.1312999040512972,1.1001902921339135,Male
0.39352478444983074,-0.3557705766521866,-0.5076103359865071,Female
2.407968814267311,0.020496745213638423,-0.385785874312815,Female
-0.16817094995617515,0.5357279201216945,0.7221381179171956,Female
0.9652296662433303,-1.5982659951421188,-0.3336870961990913,Male
0.34748212316289084,-0.3089977353970985,1.109362351153044,Male
0.2745507574865278,0.6733013513780493,1.1469331964679588,Female
-0.7602285036910296,-1.2897362745513647,-0.019334444854401195,Male
-0.8387036564103181,-1.348559025244201,-1.0689948829470832,Female
0.3748153339045911,-0.6858383618260795,0.9618577115864475,Female
-0.227929487012704,-0.2336345535815476,-0.05334868436101054,Female
-0.46155957893108074,0.5761044279159431,-0.5273065946484614,Female
-0.2982286028778258,-1.189996922937639,1.0273352900406267,Male
-0.06199735434783804,1.5397208590549325,-0.6357877168285763,Male
0.9509502028369801,-0.2855727644862487,0.3215725819362872,Female
-0.8871989862665725,0.462223499568025,-0.05821117282612431,Male
-1.4952364647316734,0.17490936616490194,-1.6010820345553272,Female
0.5445997102803771,1.2621332394450269,-0.11926917773546636,Male
-0.8900299483594707,-1.1877640004530745,0.053680074750353565,Female
-0.9287235528087964,0.31501234817115886,1.954100978099516,Male
0.7818984868553306,-1.6379997384193699,0.888119919950092,Male
0.220313560596288,0.8983831341164801,0.2383249230193942,Female
-1.2097755941278958,0.25413190552057685,1.6924712423064612,Female
0.005960047405656255,0.07969098146187381,-0.9432632581324748,Male
-1.6467418821520587,-0.8545023288103515,0.204735065453167,Female
0.25222525078085145,-0.37888454737187116,0.7310332427572745,Female
0.4330235757200825,-2.221063604616717,-1.947017653139445,Female
1.705578773785448,-1.5981879466827076,0.9791306914233924,Male
0.5978922815645055,-0.8549427507792806,-0.5011282003160638,Male
-0.7442632643746361,1.4457631288220392,-0.4308025451290497,Male
-1.3426995186019957,0.5739354127620819,0.4860215581963504,Male
1.5361891823701608,1.0333345935401055,-0.9257038913372327,Female
-0.263937161977217,1.3282485225073044,0.22400184354470887,Female
1.7876631796254319,0.12988545999627554,0.9326055245546938,Female
-1.803783459279649,0.5645685677301606,0.49932510202573865,Male
0.19956841220931842,1.1014553382802577,-1.50969487054082,Male
-1.3129168253882826,-0.4207410282919417,1.3704904887852238,Male
2.3512519501516516,-0.9070667582693792,-0.4509451530699663,Female
0.5537867558403883,-0.09155575600970645,0.008921049470035552,Female
-0.12608168606257308,1.6245389703807835,1.2033240609021512,Male
-1.0261398898944873,0.03883226152472785,-0.966815464668106,Male
-1.0744249392172547,-0.15453891570989242,-0.45037454121991694,Female
1.0398092526003662,-0.44899524174817573,0.8918645414010896,Male
-1.1725326145027353,0.38558264531205344,1.2056964786833593,Male
0.032710230600477765,0.2794598587281176,0.4990362374551451,Male
-3.3218774789268455,0.12583628452649664,0.8031343804322418,Male
-1.3774107072019623,0.6085451556737929,-0.4930661578783533,Male
0.6984084769104064,0.2795142031541289,0.34903613212913165,Female
0.23531827750573178,0.9028442597314839,-0.4872203554549156,Female
0.7283065779616832,1.761817498288727,0.30294641185397975,Male
-1.7703089957285953,-2.550519337366723,0.2362435758163038,Male
-0.1875637634332925,0.5942232803139746,0.8292210192461484,Male
0.39359925128661466,-0.738140007495975,0.9382219275774025,Male
0.2695213221965254,0.33246365300339065,0.5065351214196918,Female
0.30407863835223853,-0.7905934104951995,0.4326181632174968,Male
1.048937506851422,1.5820907360816885,1.1546395488050267,Female
1.1690861696359707,0.9362832749350738,-0.7752952305345914,Female
2.153299075450801,-0.7347860007405551,-0.9123334104621464,Female
0.8910837171960657,1.5006881979938549,0.6419198383447405,Female
2.394821654612857,-0.6181259512066293,-1.6078820372752696,Female
1.3350573600701394,-0.31792924509663756,-1.0913015308028275,Female
0.5543976032921397,-0.2632454234700341,-1.2777638025291447,Female
1.2200738154165187,1.341428639662666,0.4501648481821686,Male
-0.04299124725976164,-0.5237512784459357,2.02191173361929,Female
0.506657588896396,1.8682567641147858,1.389379568139081,Female
-1.1201890021656065,1.5741211761626865,3.1710665461978995,Female
0.07229718786153991,-1.53367195279831,0.2003545390911069,Female
2.4176636909192815,-0.5673737847273883,-0.914797988986283,Male
-0.5514306283534218,0.13215108491473604,-0.07092493246491133,Female
0.596769665702014,2.182072592358131,0.8331035102200831,Male
1.9114003877738082,0.7460731782768324,-0.2214253830988453,Female
0.0011688771054667313,1.766481209891324,1.3365992032158478,Female
-1.3035420324207894,0.22754382469577417,0.1493429069340019,Female
1.0982051188769997,-0.6692780390886677,-2.2329023028103796,Male
-1.388317965268314,-0.8828672109865408,0.8004695074913895,Male
-0.17368718078567713,-1.1096159137596657,-0.6501733075811642,Female
0.24728713927585902,0.22896118227390527,-0.256634319433411,Male
-1.3655308091552438,0.05731046046717703,0.771738663714687,Female
-0.267481243117345,-0.37218160432261715,0.727167461143713,Male
1.3393030647657878,0.6613683923557403,-1.7013561371020103,Male
1.460017081400458,1.5354392234126606,0.23207376629377974,Female
1.357221765667343,-0.6461408268725761,-0.9153311791748479,Male
2.094396294246806,-0.6739660302047867,-0.3858093553437796,Female
1.5199951371060987,1.1969134331508497,-1.1230627547917127,Female
-0.5489011633210552,2.9654723163846497,1.4188821647251295,Male
-0.17414685627570492,-0.30172075841019597,-0.7905023865874431,Male
-0.36227250036612196,-0.016390430382259513,0.12912466805582706,Female
0.8849068125304059,0.8411185180131682,1.065278562363118,Male
1.2809287303931078,0.8208271048403901,-0.3079711499684419,Male
0.20026771448758468,0.02348479762611344,1.337854657765365,Female
0.013540261832460626,2.7064468756678592,0.18558082158514266,Female
-0.6452463853977493,-1.0042030531205342,-1.4951293352762651,Female
-0.16326875341304734,-0.7794566597976771,-0.4926786710086326,Male
1.7191267573525746,-0.7617892262793788,-1.4645494774510603,Female
-1.8891762283284648,0.8426359648715027,0.7843890745404904,Male
0.027117794493965047,-0.44697549134723413,-0.7662159198184315,Male
1.2062035179975257,0.9964867601284157,-0.08162880990233445,Female
1.7517432923183858,-0.07005879094939216,-0.5014615889611427,Female
0.5888880394344321,2.0513221746199277,1.0808662829526998,Male
-0.952808272950675,-1.3157046326232278,-0.7456655275221354,Female
-0.48173711642243827,-1.7452170709129606,0.8453459058676681,Female
0.9335175934905464,1.6735416529974327,-0.2971935027930973,Female
0.832684731654813,0.9694149930052722,0.5595786571955939,Male
0.6901816133433982,-0.16572053413310472,-1.1019972042508932,Male
1.0927337380561173,1.494915064645555,1.7979085525584715,Male
-0.5727348770113962,0.8112877702507286,0.9034595778168728,Female
-0.01695706338251715,-1.0310596239597904,2.022047202400864,Female
0.5323642365343418,-1.056629235813077,0.7311846761913281,Female
0.39533542460018545,-1.5336510451327858,0.9942202416566612,Male
0.29287494993892055,-2.3852869728743444,-3.3087731390895123,Female
0.4927971443583643,-0.04061949420458166,0.9061293387055009,Female
-0.6135718621616111,-0.3230230872221833,1.085892837872516,Female
1.8837395889858992,-0.20479635525553386,-0.9689759182955542,Male
0.28189050671705546,0.4419261749292689,-0.6108130017840654,Female
1.3645734223033723,2.089687190282707,0.49492506914319423,Female
0.7665269384977011,0.026166997895122446,0.2857821436485196,Female
0.1771657943900582,-2.6589606410785143,-0.7321989549247531,Male
0.19530727487856936,-0.6887597773581877,0.2719216036915619,Male
0.6634570167448675,-1.0211596565297485,-1.4006530996002162,Female
1.2038001123566413,0.8001811046388805,0.19790412931075557,Male
-0.18684574723728697,1.8275467278938655,0.8102510014978805,Female
-1.377537678362956,-1.4947557314856719,2.1136855617702563,Male
-1.193674161979471,-0.5728969884214394,-1.2563715659360741,Male
0.7786551654539144,-0.06021236274683206,1.4368466612935618,Female
-0.730260763983114,0.8382705156017134,1.0200669827223756,Female
-0.7987314018762482,1.1085474672326758,0.569732193290909,Male
1.7782493662953687,1.1310589256804473,1.2423476291407007,Male
1.0671526227715076,-0.6908919027562512,-0.05890506087419867,Female
-0.42690802395400756,0.5160688930345034,1.2669365874169443,Female
-0.34085859695294535,-0.35347087168127445,0.3243517187000945,Male
-0.12147372743579143,0.39272695525773527,-1.8984241972399025,Female
1.560717127804148,-0.3815039948698553,-0.35506396009245034,Male
0.9609057151584081,0.6551564323516694,-0.6328187934032532,Male
-0.4696771440555878,0.30226078227416764,-0.7560729281005608,Male
0.9939158248436211,-1.3290911657345057,-0.7842892135356057,Female
1.5004995453163275,0.11854589507184521,0.7444048430303238,Female
2.124387014294876,-0.42570419034117934,-0.5175241804542525,Female
0.98074289181014,0.9056029550996172,-0.6979932573823512,Female
-1.2873586601527713,-0.28167421390375136,-0.3248818160157757,Female
-0.20011039212946047,0.2082644376649081,0.408531264034181,Female
-0.22408151799305986,-1.119506724845426,-1.0046348221225294,Female
1.21568827346577,1.5474097929552122,0.5293394889288418,Male
-1.1751702298923647,0.32487226573065175,0.6878814395841525,Female
-2.1400665382352844,-0.13836996816966707,2.0320846067112766,Female
0.5564928964863453,-0.8820331001672201,-0.7071921566275943,Female
0.3484537442581644,0.6826353201098025,-1.035021941442297,Female
0.5409499585791983,-0.3852637520933393,0.26320266458405805,Male
0.6842899278034126,0.09665559307428762,0.7261848052803915,Female
0.13229405174121509,-0.32978080280635913,-1.064470868974234,Male
-0.7821822999761517,0.8186761454479057,-0.10081861452134488,Male
1.98680313102756,1.6969264709170404,0.43230632373689637,Female
-1.3950539015562724,-0.0357315531888891,1.205834753757388,Male
-0.7298596444189269,0.6449502234915667,-1.9111188492656042,Female
1.099720700264473,1.301936681681851,-0.7169259694967409,Female
-0.28001747088229445,0.014295282746225713,1.519875854434977,Female
-0.216358867775705,-0.9059813904776406,-0.03432061099592276,Female
0.4190482729034966,0.24473083943507357,-0.4099820664876396,Male
-0.22842956014444293,1.5747644376114516,1.4699998192246113,Female
2.0062489942180743,0.30797344836711416,-0.8337329795264623,Female
-1.6968813237683633,-1.8858990286847648,-1.4481355705140058,Male
-0.06024095013323283,0.5349054885357165,-0.38851881603954375,Male
0.44356981034168197,0.2651822984550747,-1.164381954650268,Female
-0.19940076075849275,-0.8235124025919616,-0.23026933157611876,Male
-0.805771742971324,-0.9986199956850741,2.7866120152580858,Female
0.692495976795426,0.09853016513168145,0.3087098394278174,Male
1.8324016940149277,0.3258645532096005,0.7591246919651639,Female
-0.514126470543553,-0.06370852255519166,-0.16602761845319652,Male
-0.9415525990122515,-0.009022883384832259,-0.24189271952820632,Female
1.1156859866385826,1.0424980383526936,0.7640982452657263,Male
-0.2436921376517689,-1.7856484105349242,-1.0583453473076716,Female
-1.9890229283170522,1.9877896694990702,0.13844320684559047,Female
0.16145805388478443,0.6872380915653795,-2.3110274655451573,Female
0.31467644832541275,-0.7413803939281751,-1.3973150216597585,Male
-1.401499926174702,-0.5636665845715962,-0.6927232532491985,Female
0.7827530641645388,2.3709202902143933,1.535903899974984,Female
-0.03170546922183334,-0.3313423049125719,-0.5876619424123064,Female
0.5814392001284444,-0.5614804997316338,0.03899642344469417,Male
0.029567105758914042,-0.03642755608739057,2.20315518338509,Male
-0.3486702225970035,-0.949422790688679,-0.07823492175913405,Female
2.123489976382961,-0.572035235190778,-1.381508816552228,Female
-0.3087321549115451,0.7802343963990164,0.8468091944656879,Female
-1.5196694208626542,-1.258955073266592,-0.6879162674037705,Male
-0.8849155710338833,0.07831344192946288,-0.22366090813544498,Male
0.8729313075041456,0.30938307365926976,0.16416737686949717,Female
-1.2866163388952434,-1.6323836944094179,1.2824023286206918,Female
2.460270307053881,0.09942399306808758,1.281356495901965,Female
-0.11009459615947204,-0.15515693902640937,-2.2831438518043448,Female
-0.2806282788784665,-1.3385905468737236,-1.2237110606339017,Male
-1.0931874346035662,-1.2476789964231958,-0.9537176197075978,Female
-0.3901065904966797,1.46290610494023,-0.16654462975149914,Male
-0.11806238798523398,1.6122391418692978,1.5978945767151211,Male
2.7681299997168596,0.6674753724315341,-0.7918744614371657,Female
-0.47928764249202266,0.5045880099267523,0.19664089046834637,Female
1.324862137692802,1.0907992339454338,1.9511879379304855,Female
0.9710332682630927,-2.2589808218613077,-2.218043934004257,Female
1.8219285343581575,-0.18467672111076228,-0.393325985561659,Female
0.06894339538535568,-2.2262997352714073,-0.48203841717567086,Female
0.9713428810996932,0.792239824156785,-0.589726993425238,Male
0.007298911633107252,0.4244886198034714,-0.6466037871989254,Male
0.9577672875072636,-1.7592959619856665,-0.39635367028421076,Female
0.32892538489687695,-0.11556327424775281,-0.1353474865203212,Male
2.1081532111628594,-0.5231338999388777,0.5792281488259022,Female
1.0787092150933233,1.7558309312144629,0.43589226834013717,Female
-1.4717141083041452,2.7195657971565583,2.0461631061985095,Female
0.4680967046073164,-0.4332964351354156,-0.6315567935427016,Female
0.5601000620152337,1.8723736216123927,-0.7320526150778015,Female
1.1054614666325047,-0.12830495302582223,-1.1100107243733435,Female
-0.05790295114576621,0.11945700418684835,0.003976619730955762,Female
0.3315879866827056,-1.4729115457130268,0.6743077724837493,Female
-2.0170530340138466,0.31385043241817323,-0.06721378929264243,Male
-1.6123920748851959,0.46664723803353825,2.9896788066469906,Female
0.3942091135180821,-0.5236917560751166,-0.5176557812876295,Male
-0.417934129569654,-0.742309055147578,-0.3097889996463496,Female
1.5699981933993405,0.7253440215748066,2.2849240121814582,Female
0.8593614973330299,0.03980070603287045,1.2448278602230756,Female
-0.3008361931512427,0.5838842213724189,0.3255456636518789,Female
1.2833196645581555,-0.8019360268988482,-0.7768068088077386,Male
-0.03393927443025632,0.46711340536619916,1.4537489893970057,Female
-0.40181009595175304,1.1721765554009735,0.9684753271354816,Female
-1.4735558541532492,-1.1009918666121175,0.12423988060593807,Female
1.9092170372552182,0.5995935851247052,1.1289617178572668,Female
-0.11733910940230234,0.07732982923451859,0.5326326072412264,Male
-0.4334718097528972,0.9228543963739235,-1.3641578988164997,Female
-2.437685009578739,0.9359767216334425,1.6245334660695132,Female
1.6725092181755272,-0.21798538698745684,0.1408784291608191,Female
0.6745856584278982,-1.7205410477460754,-1.1983076658764424,Female
-1.2662650752112499,-0.07152892778169173,-0.46919234814353883,Female
-0.5747431634127409,-1.940261562430167,-0.08513349185918334,Male
-1.381946993099463,-0.6279785426391713,0.5595362294356876,Male
0.13277292677724867,-0.7865015534171276,-1.6075415561134427,Female
0.3456415084383629,2.21666546320376,1.7349894574398568,Female
2.5905004966124205,1.083696415153633,0.4263801011609747,Female
-0.014253028370691811,-1.3341078076643886,-1.0327425994519195,Female
1.2908442919852134,-0.363573739433372,0.4155518229022795,Female
-0.09791271018727271,0.703969423630848,0.4599491598499058,Female
2.212553297968005,0.8004100891899202,-0.8992617193108116,Male
0.7474840888659612,-0.14552178417098682,0.4256067656950037,Male
0.09340584306768102,0.04017901297442705,0.6180931794730621,Female
0.34430319302922535,-0.03900891495991354,-0.21960718132224089,Female
0.8988255570107656,-0.4214887190195573,-0.5700670908188716,Male
-0.5161440977812937,0.5784771386190397,0.21564020078417181,Female
2.3670124705192523,1.0099649917444213,-0.5314239591248544,Female
0.7510881672630325,0.023639105783881842,-0.9917491123719713,Female
0.5452471906245158,2.064010135234804,1.512749609382352,Female
-0.009643178100821123,1.909287694055155,-0.004148745577025159,Male
-0.6257756924946799,1.1004904879229591,2.03923336137444,Male
-0.6835440754002823,0.24735505405237346,0.05032437519897562,Male
0.4393405432638217,0.9580893858715731,-0.9046953101041391,Male
-0.6164957573938252,0.2119966905157873,-1.9087391331950405,Female
0.5150673996589484,0.7492350574570485,0.8022003216544582,Male
0.931098724530715,-0.242874741154401,1.2805733691184706,Male
1.6868810361883888,0.447631574831008,-0.46015795500279827,Male
0.28726728441799193,0.25396571540691637,0.5352013290416211,Male
0.9244792061901363,0.3863236752418735,-0.08860755621948313,Female
0.10022415174353998,0.36990236672915744,-0.051318927489256524,Male
0.3195631548674309,-1.6749758181431469,0.25460680759123167,Female
-1.0927813982394092,0.08014547306562259,1.3511212634806566,Male
0.7806033459403684,1.9076296467125675,-0.11384044180371522,Male
1.699303780243768,0.004526766358414758,-0.9372152022653267,Male
0.7217889595997585,0.6826512625616195,-0.6172990079937369,Male
0.0322561932645094,1.8543928627190307,-0.6576505741058825,Female
-0.8488515648489416,-0.4211500032818005,-0.7589204834182541,Female
-0.4164959743483661,0.8758029855621907,0.7111127928626745,Male
-1.6703223892788297,-2.5593701780796674,2.379842142622147,Female
0.16776862047057742,1.0496598553608405,2.0264623933597705,Male
1.037489859942164,-0.6175939488654987,-1.1729850379572042,Female
-0.06427775168738481,0.011196986012952603,-1.2821995786450155,Female
-0.8940375109737951,0.9692293011415107,-0.3124681565556114,Male
0.4804278155034137,0.7711966154197349,0.6291645768312011,Female
1.5201141123425774,1.5139962396452495,0.22692488200734431,Female
-0.3831905684017803,-0.6166626404957367,0.3615983512060299,Female
-2.1723428233816797,-1.1747930486937301,0.8606560940867605,Female
0.7793268507591342,0.010542133616407323,0.31084668049001185,Female
-0.23857045359742793,0.07537477679173366,-0.8805743246623354,Male
-0.33188203230610275,-1.6675176423851776,0.452973826438301,Female
-0.6211254996198317,-0.7460627880886506,-0.031089444815664925,Female
1.8891114028077531,0.48328255890988503,0.010614076283183282,Male
-2.0212091186118175,0.8801725054301319,-1.304499568261373,Male
-1.961455924512472,-2.1811285199074346,-0.12764581113280016,Female
1.138488018759024,0.007470818601620799,-0.32840010567463507,Female
-0.11065160952225621,-1.6212526828138172,-1.0643939594630014,Male
0.39692077196544784,1.003924161067252,0.4551727318330313,Female
-0.6433208327068834,0.33593131467610027,-0.906619163536055,Male
0.2772011694676877,-1.0645754508512417,0.1486646371056714,Male
-1.648346149439331,-0.8410160861833302,0.7699721744659843,Male
0.6085467623775168,-0.9265892253239798,-0.8726407345075513,Male
0.785049928386121,1.2300036880402052,2.136559043357436,Female
-0.6104393864515956,-0.9085044052428048,0.6987458367542108,Male
1.3859019870157065,-1.4959667443753177,-1.8042169264986656,Female
-0.5043303209123616,1.2967840181034975,-0.768746692237037,Male
-1.4318501194572824,1.7007923889095653,0.28151631788121734,Female
2.2627518430269595,2.7371857438980025,1.2480342930671773,Male
1.2800861747710033,-0.4646626388967614,0.43173021603996087,Female
-0.3567591809032244,1.14978012155883,1.172870107849266,Female
0.3833691331046083,0.5324256696863574,0.5270115185324403,Male
-0.013913338855289817,-0.18322735866148365,-0.8688607137277146,Male
0.7887635742890282,1.738841559568551,1.6007018132821318,Male
0.096983507675035,-0.012470848810079982,0.3700852421024977,Female
-1.854786229656541,-0.49674081554915217,0.7799023444782736,Male
1.1238916089102484,0.25407758187983775,-0.3304275893738639,Female
0.15361936040862775,0.014881011798714372,-1.4004450030964495,Female
-0.5923371590718235,-1.659081052164525,1.0004560121645336,Male
0.8932141394457598,-0.9613954758732648,-0.2379821278069867,Female
-0.6752397830564416,0.37156089391546443,0.7569639969544072,Female
-1.0023338035556564,-0.17427064175472173,0.46649696413143593,Female
0.5738636524471824,0.6346457999823172,0.15074427244175848,Male
-0.03152684299327587,-0.2742567710709296,0.8180169563334547,Male
-2.1056469836781595,-1.1301330355823325,-0.39733907171537153,Male
-0.1199130762339801,0.9156090352840427,0.12237538994981875,Male
-0.30865812041231183,0.22944357018844252,-0.04119692881639578,Male
-0.903470280254482,0.8265721938006592,-0.3012245656577337,Male
-0.5017224214902372,-1.4054447864229302,-0.39708644762142664,Female
-0.5607848479791468,-0.6634149233670923,-0.618469605427019,Female
1.4533697061692474,-0.8485540622328474,-1.3134515777674327,Female
1.460608005796658,0.9202924439831222,0.3535414675375529,Male
1.03062452192225,0.5022759939618271,0.5802102171500205,Male
1.3560950428878722,-0.10620606414189204,0.419930010141589,Female
0.17040661644396948,1.0307714109556598,-0.2493180723509233,Male
-1.8385273449515662,0.5848988065194463,0.8071805963665032,Male
2.3364120510366293e-4,1.5750935375442423,-0.1179754282719313,Female
-0.26998176624818315,1.3417637835361336,-0.8506867962173759,Female
0.5899121796141967,-0.1579673802022583,0.398495442074561,Male
0.10023836548177628,0.07693221673199746,-0.2554151563892414,Female
2.526274027420418,-1.3235658846178913,-1.2528810798546794,Female
0.39939305251642016,0.3722289090454529,0.4758474060168787,Male
1.5473114029695068,1.0016595289478638,0.045958017066992554,Female
0.26657975416208235,0.14429270230352031,-1.10022132333607,Female
-0.9833919787417909,0.299924782952838,0.6888180301702139,Female
-0.7534021363048369,-1.368770675502511,-0.8050409120246957,Female
-1.8614011029254096,2.0016240655783597,1.3816816163283352,Female
0.9187383464703827,-1.0954939714408267,-2.012115749957342,Female
1.292349184570016,1.1108994316859961,-0.5573619503349236,Female
-0.9688016595258091,-0.06701048315313374,0.3011928139099878,Male
-2.6800952768352038,-0.9973151908970255,-0.37406463071516494,Female
0.39998768949208774,-0.8391824373568713,-0.1422488490694104,Male
0.5490394051985354,0.6623898300633826,0.7696587700394647,Female
-0.560163294240319,2.0030137303294437,-1.1224688117923218,Female
1.6460876926690269,0.016459213576367926,-0.5562786699710836,Male
-0.6006318841761497,-0.4387297427108168,-2.512316137805905,Male
0.7698216791981103,0.28541952937677895,0.020998625534080315,Female
0.5316592643695262,-0.13780412639521566,-1.728475796438942,Female
-1.072260828451841,1.1179287604764752,-1.1159246923985897,Female
